﻿<?xml version="1.0" encoding="utf-8"?><Document><ECORESRELEASEDPRODUCTV2ENTITY><ITEMNUMBER>2023_SCM_DDMRP_01</ITEMNUMBER><ALTERNATIVEITEMNUMBER></ALTERNATIVEITEMNUMBER><ALTERNATIVEPRODUCTCOLORID></ALTERNATIVEPRODUCTCOLORID><ALTERNATIVEPRODUCTCONFIGURATIONID></ALTERNATIVEPRODUCTCONFIGURATIONID><ALTERNATIVEPRODUCTSIZEID></ALTERNATIVEPRODUCTSIZEID><ALTERNATIVEPRODUCTSTYLEID></ALTERNATIVEPRODUCTSTYLEID><ALTERNATIVEPRODUCTUSAGECONDITION>Never</ALTERNATIVEPRODUCTUSAGECONDITION><ALTERNATIVEPRODUCTVERSIONID></ALTERNATIVEPRODUCTVERSIONID><APPROVEDVENDORCHECKMETHOD>NoCheck</APPROVEDVENDORCHECKMETHOD><ARETRANSPORTATIONMANAGEMENTPROCESSESENABLED>Yes</ARETRANSPORTATIONMANAGEMENTPROCESSESENABLED><ARRIVALHANDLINGTIME>00:00:00</ARRIVALHANDLINGTIME><BARCODESETUPID></BARCODESETUPID><BASEPRICEPURCHASE>No</BASEPRICEPURCHASE><BASESALESPRICESOURCE>PurchPrice</BASESALESPRICESOURCE><BATCHMERGEDATECALCULATIONMETHOD>Manual</BATCHMERGEDATECALCULATIONMETHOD><BATCHNUMBERGROUPCODE></BATCHNUMBERGROUPCODE><BESTBEFOREPERIODDAYS>0</BESTBEFOREPERIODDAYS><BOMLEVEL>0</BOMLEVEL><BOMUNITSYMBOL>ea</BOMUNITSYMBOL><BUYERGROUPID></BUYERGROUPID><CARRYINGCOSTABCCODE>None</CARRYINGCOSTABCCODE><CATCHWEIGHTUNITSYMBOL></CATCHWEIGHTUNITSYMBOL><COMMISSIONPRODUCTGROUPID></COMMISSIONPRODUCTGROUPID><COMMODITYCODEID></COMMODITYCODEID><COMPARISONPRICEBASEUNITSYMBOL></COMPARISONPRICEBASEUNITSYMBOL><CONSTANTSCRAPQUANTITY>0.000000</CONSTANTSCRAPQUANTITY><COSTCALCULATIONBOMLEVEL>0</COSTCALCULATIONBOMLEVEL><COSTCALCULATIONGROUPID></COSTCALCULATIONGROUPID><COSTCHARGESQUANTITY>0.000000</COSTCHARGESQUANTITY><COSTGROUPID></COSTGROUPID><CUSTOMSDESCRIPTION></CUSTOMSDESCRIPTION><DEFAULTDIRECTDELIVERYWAREHOUSE></DEFAULTDIRECTDELIVERYWAREHOUSE><DEFAULTLEDGERDIMENSIONDISPLAYVALUE></DEFAULTLEDGERDIMENSIONDISPLAYVALUE><DEFAULTORDERTYPE>Purch</DEFAULTORDERTYPE><DEFAULTPRODUCTCOLORID></DEFAULTPRODUCTCOLORID><DEFAULTPRODUCTCONFIGURATIONID></DEFAULTPRODUCTCONFIGURATIONID><DEFAULTPRODUCTSIZEID></DEFAULTPRODUCTSIZEID><DEFAULTPRODUCTSTYLEID></DEFAULTPRODUCTSTYLEID><DEFAULTPRODUCTVERSIONID></DEFAULTPRODUCTVERSIONID><DEFAULTRECEIVINGQUANTITY>0.000000</DEFAULTRECEIVINGQUANTITY><DUALUSECODE></DUALUSECODE><EIGHTHPRODUCTFILTERCODE></EIGHTHPRODUCTFILTERCODE><FIFTHPRODUCTFILTERCODE></FIFTHPRODUCTFILTERCODE><FIRSTPRODUCTFILTERCODE></FIRSTPRODUCTFILTERCODE><FIRSTPRODUCTFILTERGROUPID></FIRSTPRODUCTFILTERGROUPID><FIXEDCOSTCHARGES>0.000000</FIXEDCOSTCHARGES><FIXEDPURCHASEPRICECHARGES>0.000000</FIXEDPURCHASEPRICECHARGES><FIXEDSALESPRICECHARGES>0.000000</FIXEDSALESPRICECHARGES><FLUSHINGPRINCIPLE>Start</FLUSHINGPRINCIPLE><FOURTHPRODUCTFILTERCODE></FOURTHPRODUCTFILTERCODE><FREIGHTALLOCATIONGROUPID></FREIGHTALLOCATIONGROUPID><GROSSDEPTH>0.000000</GROSSDEPTH><GROSSPRODUCTHEIGHT>0.000000</GROSSPRODUCTHEIGHT><GROSSPRODUCTWIDTH>0.000000</GROSSPRODUCTWIDTH><INTRASTATCHARGEPERCENTAGE>0.000000</INTRASTATCHARGEPERCENTAGE><INTRASTATCOMMODITYCODE></INTRASTATCOMMODITYCODE><INVENTORYCOUNTINGREASONCODEPOLICYNAME></INVENTORYCOUNTINGREASONCODEPOLICYNAME><INVENTORYRESERVATIONHIERARCHYNAME>Default</INVENTORYRESERVATIONHIERARCHYNAME><INVENTORYUNITSYMBOL>ea</INVENTORYUNITSYMBOL><ISCATCHWEIGHTPRODUCT>No</ISCATCHWEIGHTPRODUCT><ISDELIVEREDDIRECTLY>No</ISDELIVEREDDIRECTLY><ISDISCOUNTPOSREGISTRATIONPROHIBITED>No</ISDISCOUNTPOSREGISTRATIONPROHIBITED><ISDUALUSEPRODUCT>No</ISDUALUSEPRODUCT><ISHAZARDOUSMATERIAL>No</ISHAZARDOUSMATERIAL><ISINTERCOMPANYPURCHASEUSAGEBLOCKED>No</ISINTERCOMPANYPURCHASEUSAGEBLOCKED><ISINTERCOMPANYSALESUSAGEBLOCKED>No</ISINTERCOMPANYSALESUSAGEBLOCKED><ISMANUALDISCOUNTPOSREGISTRATIONPROHIBITED>No</ISMANUALDISCOUNTPOSREGISTRATIONPROHIBITED><ISPHANTOM>No</ISPHANTOM><ISPOSREGISTRATIONBLOCKED>No</ISPOSREGISTRATIONBLOCKED><ISPOSREGISTRATIONQUANTITYNEGATIVE>No</ISPOSREGISTRATIONQUANTITYNEGATIVE><ISPURCHASEPRICEAUTOMATICALLYUPDATED>No</ISPURCHASEPRICEAUTOMATICALLYUPDATED><ISPURCHASEPRICEINCLUDINGCHARGES>No</ISPURCHASEPRICEINCLUDINGCHARGES><ISPURCHASEWITHHOLDINGTAXCALCULATED>No</ISPURCHASEWITHHOLDINGTAXCALCULATED><ISRETAILDISCOUNTPOSREGISTRATIONPROHIBITED>No</ISRETAILDISCOUNTPOSREGISTRATIONPROHIBITED><ISSALESPRICEINCLUDINGCHARGES>No</ISSALESPRICEINCLUDINGCHARGES><ISSALESWITHHOLDINGTAXCALCULATED>No</ISSALESWITHHOLDINGTAXCALCULATED><ISSCALEPRODUCT>No</ISSCALEPRODUCT><ISSHIPALONEENABLED>No</ISSHIPALONEENABLED><ISTENDERDISCOUNTPOSREGISTRATIONPROHIBITED>No</ISTENDERDISCOUNTPOSREGISTRATIONPROHIBITED><ISUNITCOSTAUTOMATICALLYUPDATED>No</ISUNITCOSTAUTOMATICALLYUPDATED><ISUNITCOSTINCLUDINGCHARGES>No</ISUNITCOSTINCLUDINGCHARGES><ISUNITCOSTPRODUCTVARIANTSPECIFIC>No</ISUNITCOSTPRODUCTVARIANTSPECIFIC><ISVARIANTSHELFLABELSPRINTINGENABLED>No</ISVARIANTSHELFLABELSPRINTINGENABLED><ISZEROPRICEPOSREGISTRATIONALLOWED>No</ISZEROPRICEPOSREGISTRATIONALLOWED><ITEMMODELGROUPID>FIFO</ITEMMODELGROUPID><ITEMOVERUNDERDELIVERYTOLERANCEGROUPID></ITEMOVERUNDERDELIVERYTOLERANCEGROUPID><KEYINPRICEREQUIREMENTSATPOSREGISTER>NotMandatory</KEYINPRICEREQUIREMENTSATPOSREGISTER><KEYINQUANTITYREQUIREMENTSATPOSREGISTER>NotMandatory</KEYINQUANTITYREQUIREMENTSATPOSREGISTER><LANDEDCOSTTYPEGROUPID></LANDEDCOSTTYPEGROUPID><LOWERWARRANTABLEPRICERANGELIMIT>0.000000</LOWERWARRANTABLEPRICERANGELIMIT><MARGINABCCODE>None</MARGINABCCODE><MAXIMUMCATCHWEIGHTQUANTITY>0.000000</MAXIMUMCATCHWEIGHTQUANTITY><MAXIMUMPICKQUANTITY>0.000000</MAXIMUMPICKQUANTITY><MINIMUMCATCHWEIGHTQUANTITY>0.000000</MINIMUMCATCHWEIGHTQUANTITY><MUSTKEYINCOMMENTATPOSREGISTER>No</MUSTKEYINCOMMENTATPOSREGISTER><NECESSARYPRODUCTIONWORKINGTIMESCHEDULINGPROPERTYID></NECESSARYPRODUCTIONWORKINGTIMESCHEDULINGPROPERTYID><NETPRODUCTWEIGHT>0.000000000000</NETPRODUCTWEIGHT><NINTHPRODUCTFILTERCODE></NINTHPRODUCTFILTERCODE><ORIGINCOUNTRYREGIONID></ORIGINCOUNTRYREGIONID><ORIGINSTATEID></ORIGINSTATEID><PACKAGECLASSID></PACKAGECLASSID><PACKINGDUTYQUANTITY>0.000000000000</PACKINGDUTYQUANTITY><PACKINGMATERIALGROUPID></PACKINGMATERIALGROUPID><PACKSIZECATEGORYID></PACKSIZECATEGORYID><PHYSICALDIMENSIONGROUPID></PHYSICALDIMENSIONGROUPID><PLANNINGFORMULAITEMNUMBER></PLANNINGFORMULAITEMNUMBER><POSREGISTRATIONACTIVATIONDATE>1900-01-01T00:00:00</POSREGISTRATIONACTIVATIONDATE><POSREGISTRATIONBLOCKEDDATE>1900-01-01T00:00:00</POSREGISTRATIONBLOCKEDDATE><POSREGISTRATIONPLANNEDBLOCKEDDATE>1900-01-01T00:00:00</POSREGISTRATIONPLANNEDBLOCKEDDATE><POTENCYBASEATTIBUTETARGETVALUE>0.000000</POTENCYBASEATTIBUTETARGETVALUE><POTENCYBASEATTRIBUTEVALUEENTRYEVENT>PurchProdReceipt</POTENCYBASEATTRIBUTEVALUEENTRYEVENT><PRIMARYVENDORACCOUNTNUMBER></PRIMARYVENDORACCOUNTNUMBER><PRODUCTCOVERAGEGROUPID></PRODUCTCOVERAGEGROUPID><PRODUCTDIMENSIONGROUPNAME></PRODUCTDIMENSIONGROUPNAME><PRODUCTGROUPID>Audio</PRODUCTGROUPID><PRODUCTIONCONSUMPTIONDENSITYCONVERSIONFACTOR>0.000000</PRODUCTIONCONSUMPTIONDENSITYCONVERSIONFACTOR><PRODUCTIONCONSUMPTIONDEPTHCONVERSIONFACTOR>0.000000</PRODUCTIONCONSUMPTIONDEPTHCONVERSIONFACTOR><PRODUCTIONCONSUMPTIONHEIGHTCONVERSIONFACTOR>0.000000</PRODUCTIONCONSUMPTIONHEIGHTCONVERSIONFACTOR><PRODUCTIONCONSUMPTIONWIDTHCONVERSIONFACTOR>0.000000</PRODUCTIONCONSUMPTIONWIDTHCONVERSIONFACTOR><PRODUCTIONGROUPID></PRODUCTIONGROUPID><PRODUCTIONPOOLID></PRODUCTIONPOOLID><PRODUCTIONTYPE>BOM</PRODUCTIONTYPE><PRODUCTLIFECYCLESEASONCODE></PRODUCTLIFECYCLESEASONCODE><PRODUCTLIFECYCLESTATEID></PRODUCTLIFECYCLESTATEID><PRODUCTLIFECYCLEVALIDFROMDATE>1900-01-01T00:00:00</PRODUCTLIFECYCLEVALIDFROMDATE><PRODUCTLIFECYCLEVALIDTODATE>1900-01-01T00:00:00</PRODUCTLIFECYCLEVALIDTODATE><PRODUCTNUMBER>2023_SCM_DDMRP_01</PRODUCTNUMBER><PRODUCTSEARCHNAME>2023_SCM_DDMRP_01</PRODUCTSEARCHNAME><PRODUCTSUBTYPE>Product</PRODUCTSUBTYPE><PRODUCTTYPE>Item</PRODUCTTYPE><PRODUCTVOLUME>0.000000</PRODUCTVOLUME><PROJECTCATEGORYID></PROJECTCATEGORYID><PURCHASECHARGEPRODUCTGROUPID></PURCHASECHARGEPRODUCTGROUPID><PURCHASECHARGESQUANTITY>0.000000</PURCHASECHARGESQUANTITY><PURCHASEITEMWITHHOLDINGTAXGROUPCODE></PURCHASEITEMWITHHOLDINGTAXGROUPCODE><PURCHASELINEDISCOUNTPRODUCTGROUPCODE></PURCHASELINEDISCOUNTPRODUCTGROUPCODE><PURCHASEMULTILINEDISCOUNTPRODUCTGROUPCODE></PURCHASEMULTILINEDISCOUNTPRODUCTGROUPCODE><PURCHASEOVERDELIVERYPERCENTAGE>0.000000</PURCHASEOVERDELIVERYPERCENTAGE><PURCHASEPRICE>75.000000</PURCHASEPRICE><PURCHASEPRICEDATE>2023-04-13T00:00:00</PURCHASEPRICEDATE><PURCHASEPRICEQUANTITY>1.000000000000</PURCHASEPRICEQUANTITY><PURCHASEPRICETOLERANCEGROUPID></PURCHASEPRICETOLERANCEGROUPID><PURCHASEPRICINGPRECISION>0</PURCHASEPRICINGPRECISION><PURCHASEREBATEPRODUCTGROUPID></PURCHASEREBATEPRODUCTGROUPID><PURCHASESALESTAXITEMGROUPCODE></PURCHASESALESTAXITEMGROUPCODE><PURCHASESUPPLEMENTARYPRODUCTPRODUCTGROUPID></PURCHASESUPPLEMENTARYPRODUCTPRODUCTGROUPID><PURCHASEUNDERDELIVERYPERCENTAGE>0.000000</PURCHASEUNDERDELIVERYPERCENTAGE><PURCHASEUNITSYMBOL>ea</PURCHASEUNITSYMBOL><RAWMATERIALPICKINGPRINCIPLE>Staging</RAWMATERIALPICKINGPRINCIPLE><REVENUEABCCODE>None</REVENUEABCCODE><REVRECBUNDLE>No</REVRECBUNDLE><REVRECDEFAULTREVENUERECOGNITIONSCHEDULE></REVRECDEFAULTREVENUERECOGNITIONSCHEDULE><REVRECEXCLUDEFROMCARVEOUT>No</REVRECEXCLUDEFROMCARVEOUT><REVRECMEDIANPRICE>No</REVRECMEDIANPRICE><REVRECMEDIANPRICEMAXIMUMTOLERANCE>0.000000</REVRECMEDIANPRICEMAXIMUMTOLERANCE><REVRECMEDIANPRICEMINIMUMTOLERANCE>0.000000</REVRECMEDIANPRICEMINIMUMTOLERANCE><REVRECREVENUERECOGNITIONENABLED>No</REVRECREVENUERECOGNITIONENABLED><REVRECREVENUETYPE>Essential</REVRECREVENUETYPE><SALESCHARGEPRODUCTGROUPID></SALESCHARGEPRODUCTGROUPID><SALESCHARGESQUANTITY>0.000000</SALESCHARGESQUANTITY><SALESITEMWITHHOLDINGTAXGROUPCODE></SALESITEMWITHHOLDINGTAXGROUPCODE><SALESLINEDISCOUNTPRODUCTGROUPCODE></SALESLINEDISCOUNTPRODUCTGROUPCODE><SALESMULTILINEDISCOUNTPRODUCTGROUPCODE></SALESMULTILINEDISCOUNTPRODUCTGROUPCODE><SALESOVERDELIVERYPERCENTAGE>0.000000</SALESOVERDELIVERYPERCENTAGE><SALESPRICE>150.000000</SALESPRICE><SALESPRICECALCULATIONCHARGESPERCENTAGE>0.000000</SALESPRICECALCULATIONCHARGESPERCENTAGE><SALESPRICECALCULATIONCONTRIBUTIONRATIO>0.000000</SALESPRICECALCULATIONCONTRIBUTIONRATIO><SALESPRICECALCULATIONMODEL>None</SALESPRICECALCULATIONMODEL><SALESPRICEDATE>2023-04-13T00:00:00</SALESPRICEDATE><SALESPRICEQUANTITY>1.000000000000</SALESPRICEQUANTITY><SALESPRICINGPRECISION>0</SALESPRICINGPRECISION><SALESREBATEPRODUCTGROUPID></SALESREBATEPRODUCTGROUPID><SALESRETAILINVENTORYAVAILABILITYBUFFER>0.000000</SALESRETAILINVENTORYAVAILABILITYBUFFER><SALESRETAILINVENTORYAVAILABILITYLEVELPROFILE></SALESRETAILINVENTORYAVAILABILITYLEVELPROFILE><SALESSALESTAXITEMGROUPCODE></SALESSALESTAXITEMGROUPCODE><SALESSUPPLEMENTARYPRODUCTPRODUCTGROUPID></SALESSUPPLEMENTARYPRODUCTPRODUCTGROUPID><SALESUNDERDELIVERYPERCENTAGE>0.000000</SALESUNDERDELIVERYPERCENTAGE><SALESUNITSYMBOL>ea</SALESUNITSYMBOL><SCALEINDICATOR>Relevant</SCALEINDICATOR><SEARCHNAME>2023_SCM_DDMRP_01</SEARCHNAME><SECONDPRODUCTFILTERCODE></SECONDPRODUCTFILTERCODE><SECONDPRODUCTFILTERGROUPID></SECONDPRODUCTFILTERGROUPID><SERIALNUMBERGROUPCODE></SERIALNUMBERGROUPCODE><SERVICETYPE>NotSpecified</SERVICETYPE><SEVENTHPRODUCTFILTERCODE></SEVENTHPRODUCTFILTERCODE><SHELFADVICEPERIODDAYS>0</SHELFADVICEPERIODDAYS><SHELFLIFEPERIODDAYS>0</SHELFLIFEPERIODDAYS><SHIPPINGANDRECEIVINGSORTORDERCODE>0</SHIPPINGANDRECEIVINGSORTORDERCODE><SIXTHPRODUCTFILTERCODE></SIXTHPRODUCTFILTERCODE><STORAGEDIMENSIONGROUPNAME>InvStat</STORAGEDIMENSIONGROUPNAME><TAREPRODUCTWEIGHT>0.000000000000</TAREPRODUCTWEIGHT><TAXRATETYPE></TAXRATETYPE><TENTHPRODUCTFILTERCODE></TENTHPRODUCTFILTERCODE><THIRDPRODUCTFILTERCODE></THIRDPRODUCTFILTERCODE><TRACKINGDIMENSIONGROUPNAME>None</TRACKINGDIMENSIONGROUPNAME><TRANSFERORDERLANDEDCOSTGROUPID></TRANSFERORDERLANDEDCOSTGROUPID><TRANSFERORDEROVERDELIVERYPERCENTAGE>0.000000</TRANSFERORDEROVERDELIVERYPERCENTAGE><TRANSFERORDERUNDERDELIVERYPERCENTAGE>0.000000</TRANSFERORDERUNDERDELIVERYPERCENTAGE><UNITCONVERSIONSEQUENCEGROUPID>ea</UNITCONVERSIONSEQUENCEGROUPID><UNITCOST>0.000000</UNITCOST><UNITCOSTDATE>1900-01-01T00:00:00</UNITCOSTDATE><UNITCOSTQUANTITY>1.000000000000</UNITCOSTQUANTITY><UPDATEPRODUCTVARIANTLIFECYCLESTATE>No</UPDATEPRODUCTVARIANTLIFECYCLESTATE><UPPERWARRANTABLEPRICERANGELIMIT>0.000000</UPPERWARRANTABLEPRICERANGELIMIT><VALUEABCCODE>None</VALUEABCCODE><VARIABLESCRAPPERCENTAGE>0.000000</VARIABLESCRAPPERCENTAGE><VENDORINVOICELINEMATCHINGPOLICY>NotSet</VENDORINVOICELINEMATCHINGPOLICY><VOYAGEARRIVALGROUPID></VOYAGEARRIVALGROUPID><WAREHOUSEFILTERCODE></WAREHOUSEFILTERCODE><WAREHOUSEFILTERGROUP></WAREHOUSEFILTERGROUP><WAREHOUSEMOBILEDEVICEDESCRIPTIONLINE1></WAREHOUSEMOBILEDEVICEDESCRIPTIONLINE1><WAREHOUSEMOBILEDEVICEDESCRIPTIONLINE2></WAREHOUSEMOBILEDEVICEDESCRIPTIONLINE2><WAREHOUSERELEASESALESUNITRESTRICTED>All</WAREHOUSERELEASESALESUNITRESTRICTED><WARRANTABLEPRICERANGEBASETYPE>None</WARRANTABLEPRICERANGEBASETYPE><WARRANTYDURATIONTIME>0</WARRANTYDURATIONTIME><WARRANTYDURATIONTIMEUNIT>Day</WARRANTYDURATIONTIMEUNIT><WILLINVENTORYISSUEAUTOMATICALLYREPORTASFINISHED>No</WILLINVENTORYISSUEAUTOMATICALLYREPORTASFINISHED><WILLINVENTORYRECEIPTIGNOREFLUSHINGPRINCIPLE>No</WILLINVENTORYRECEIPTIGNOREFLUSHINGPRINCIPLE><WILLPICKINGWORKBENCHAPPLYBOXINGLOGIC>No</WILLPICKINGWORKBENCHAPPLYBOXINGLOGIC><WILLTOTALPURCHASEDISCOUNTCALCULATIONINCLUDEPRODUCT>Yes</WILLTOTALPURCHASEDISCOUNTCALCULATIONINCLUDEPRODUCT><WILLTOTALSALESDISCOUNTCALCULATIONINCLUDEPRODUCT>Yes</WILLTOTALSALESDISCOUNTCALCULATIONINCLUDEPRODUCT><WILLWORKCENTERPICKINGALLOWNEGATIVEINVENTORY>No</WILLWORKCENTERPICKINGALLOWNEGATIVEINVENTORY><YIELDPERCENTAGE>0.000000</YIELDPERCENTAGE></ECORESRELEASEDPRODUCTV2ENTITY><ECORESRELEASEDPRODUCTV2ENTITY><ITEMNUMBER>2023_SCM_DDMRP_02</ITEMNUMBER><ALTERNATIVEITEMNUMBER></ALTERNATIVEITEMNUMBER><ALTERNATIVEPRODUCTCOLORID></ALTERNATIVEPRODUCTCOLORID><ALTERNATIVEPRODUCTCONFIGURATIONID></ALTERNATIVEPRODUCTCONFIGURATIONID><ALTERNATIVEPRODUCTSIZEID></ALTERNATIVEPRODUCTSIZEID><ALTERNATIVEPRODUCTSTYLEID></ALTERNATIVEPRODUCTSTYLEID><ALTERNATIVEPRODUCTUSAGECONDITION>Never</ALTERNATIVEPRODUCTUSAGECONDITION><ALTERNATIVEPRODUCTVERSIONID></ALTERNATIVEPRODUCTVERSIONID><APPROVEDVENDORCHECKMETHOD>NoCheck</APPROVEDVENDORCHECKMETHOD><ARETRANSPORTATIONMANAGEMENTPROCESSESENABLED>Yes</ARETRANSPORTATIONMANAGEMENTPROCESSESENABLED><ARRIVALHANDLINGTIME>00:00:00</ARRIVALHANDLINGTIME><BARCODESETUPID></BARCODESETUPID><BASEPRICEPURCHASE>No</BASEPRICEPURCHASE><BASESALESPRICESOURCE>PurchPrice</BASESALESPRICESOURCE><BATCHMERGEDATECALCULATIONMETHOD>Manual</BATCHMERGEDATECALCULATIONMETHOD><BATCHNUMBERGROUPCODE></BATCHNUMBERGROUPCODE><BESTBEFOREPERIODDAYS>0</BESTBEFOREPERIODDAYS><BOMLEVEL>0</BOMLEVEL><BOMUNITSYMBOL>ea</BOMUNITSYMBOL><BUYERGROUPID></BUYERGROUPID><CARRYINGCOSTABCCODE>None</CARRYINGCOSTABCCODE><CATCHWEIGHTUNITSYMBOL></CATCHWEIGHTUNITSYMBOL><COMMISSIONPRODUCTGROUPID></COMMISSIONPRODUCTGROUPID><COMMODITYCODEID></COMMODITYCODEID><COMPARISONPRICEBASEUNITSYMBOL></COMPARISONPRICEBASEUNITSYMBOL><CONSTANTSCRAPQUANTITY>0.000000</CONSTANTSCRAPQUANTITY><COSTCALCULATIONBOMLEVEL>0</COSTCALCULATIONBOMLEVEL><COSTCALCULATIONGROUPID></COSTCALCULATIONGROUPID><COSTCHARGESQUANTITY>0.000000</COSTCHARGESQUANTITY><COSTGROUPID></COSTGROUPID><CUSTOMSDESCRIPTION></CUSTOMSDESCRIPTION><DEFAULTDIRECTDELIVERYWAREHOUSE></DEFAULTDIRECTDELIVERYWAREHOUSE><DEFAULTLEDGERDIMENSIONDISPLAYVALUE></DEFAULTLEDGERDIMENSIONDISPLAYVALUE><DEFAULTORDERTYPE>Purch</DEFAULTORDERTYPE><DEFAULTPRODUCTCOLORID></DEFAULTPRODUCTCOLORID><DEFAULTPRODUCTCONFIGURATIONID></DEFAULTPRODUCTCONFIGURATIONID><DEFAULTPRODUCTSIZEID></DEFAULTPRODUCTSIZEID><DEFAULTPRODUCTSTYLEID></DEFAULTPRODUCTSTYLEID><DEFAULTPRODUCTVERSIONID></DEFAULTPRODUCTVERSIONID><DEFAULTRECEIVINGQUANTITY>0.000000</DEFAULTRECEIVINGQUANTITY><DUALUSECODE></DUALUSECODE><EIGHTHPRODUCTFILTERCODE></EIGHTHPRODUCTFILTERCODE><FIFTHPRODUCTFILTERCODE></FIFTHPRODUCTFILTERCODE><FIRSTPRODUCTFILTERCODE></FIRSTPRODUCTFILTERCODE><FIRSTPRODUCTFILTERGROUPID></FIRSTPRODUCTFILTERGROUPID><FIXEDCOSTCHARGES>0.000000</FIXEDCOSTCHARGES><FIXEDPURCHASEPRICECHARGES>0.000000</FIXEDPURCHASEPRICECHARGES><FIXEDSALESPRICECHARGES>0.000000</FIXEDSALESPRICECHARGES><FLUSHINGPRINCIPLE>Start</FLUSHINGPRINCIPLE><FOURTHPRODUCTFILTERCODE></FOURTHPRODUCTFILTERCODE><FREIGHTALLOCATIONGROUPID></FREIGHTALLOCATIONGROUPID><GROSSDEPTH>0.000000</GROSSDEPTH><GROSSPRODUCTHEIGHT>0.000000</GROSSPRODUCTHEIGHT><GROSSPRODUCTWIDTH>0.000000</GROSSPRODUCTWIDTH><INTRASTATCHARGEPERCENTAGE>0.000000</INTRASTATCHARGEPERCENTAGE><INTRASTATCOMMODITYCODE></INTRASTATCOMMODITYCODE><INVENTORYCOUNTINGREASONCODEPOLICYNAME></INVENTORYCOUNTINGREASONCODEPOLICYNAME><INVENTORYRESERVATIONHIERARCHYNAME>Default</INVENTORYRESERVATIONHIERARCHYNAME><INVENTORYUNITSYMBOL>ea</INVENTORYUNITSYMBOL><ISCATCHWEIGHTPRODUCT>No</ISCATCHWEIGHTPRODUCT><ISDELIVEREDDIRECTLY>No</ISDELIVEREDDIRECTLY><ISDISCOUNTPOSREGISTRATIONPROHIBITED>No</ISDISCOUNTPOSREGISTRATIONPROHIBITED><ISDUALUSEPRODUCT>No</ISDUALUSEPRODUCT><ISHAZARDOUSMATERIAL>No</ISHAZARDOUSMATERIAL><ISINTERCOMPANYPURCHASEUSAGEBLOCKED>No</ISINTERCOMPANYPURCHASEUSAGEBLOCKED><ISINTERCOMPANYSALESUSAGEBLOCKED>No</ISINTERCOMPANYSALESUSAGEBLOCKED><ISMANUALDISCOUNTPOSREGISTRATIONPROHIBITED>No</ISMANUALDISCOUNTPOSREGISTRATIONPROHIBITED><ISPHANTOM>No</ISPHANTOM><ISPOSREGISTRATIONBLOCKED>No</ISPOSREGISTRATIONBLOCKED><ISPOSREGISTRATIONQUANTITYNEGATIVE>No</ISPOSREGISTRATIONQUANTITYNEGATIVE><ISPURCHASEPRICEAUTOMATICALLYUPDATED>No</ISPURCHASEPRICEAUTOMATICALLYUPDATED><ISPURCHASEPRICEINCLUDINGCHARGES>No</ISPURCHASEPRICEINCLUDINGCHARGES><ISPURCHASEWITHHOLDINGTAXCALCULATED>No</ISPURCHASEWITHHOLDINGTAXCALCULATED><ISRETAILDISCOUNTPOSREGISTRATIONPROHIBITED>No</ISRETAILDISCOUNTPOSREGISTRATIONPROHIBITED><ISSALESPRICEINCLUDINGCHARGES>No</ISSALESPRICEINCLUDINGCHARGES><ISSALESWITHHOLDINGTAXCALCULATED>No</ISSALESWITHHOLDINGTAXCALCULATED><ISSCALEPRODUCT>No</ISSCALEPRODUCT><ISSHIPALONEENABLED>No</ISSHIPALONEENABLED><ISTENDERDISCOUNTPOSREGISTRATIONPROHIBITED>No</ISTENDERDISCOUNTPOSREGISTRATIONPROHIBITED><ISUNITCOSTAUTOMATICALLYUPDATED>No</ISUNITCOSTAUTOMATICALLYUPDATED><ISUNITCOSTINCLUDINGCHARGES>No</ISUNITCOSTINCLUDINGCHARGES><ISUNITCOSTPRODUCTVARIANTSPECIFIC>No</ISUNITCOSTPRODUCTVARIANTSPECIFIC><ISVARIANTSHELFLABELSPRINTINGENABLED>No</ISVARIANTSHELFLABELSPRINTINGENABLED><ISZEROPRICEPOSREGISTRATIONALLOWED>No</ISZEROPRICEPOSREGISTRATIONALLOWED><ITEMMODELGROUPID>FIFO</ITEMMODELGROUPID><ITEMOVERUNDERDELIVERYTOLERANCEGROUPID></ITEMOVERUNDERDELIVERYTOLERANCEGROUPID><KEYINPRICEREQUIREMENTSATPOSREGISTER>NotMandatory</KEYINPRICEREQUIREMENTSATPOSREGISTER><KEYINQUANTITYREQUIREMENTSATPOSREGISTER>NotMandatory</KEYINQUANTITYREQUIREMENTSATPOSREGISTER><LANDEDCOSTTYPEGROUPID></LANDEDCOSTTYPEGROUPID><LOWERWARRANTABLEPRICERANGELIMIT>0.000000</LOWERWARRANTABLEPRICERANGELIMIT><MARGINABCCODE>None</MARGINABCCODE><MAXIMUMCATCHWEIGHTQUANTITY>0.000000</MAXIMUMCATCHWEIGHTQUANTITY><MAXIMUMPICKQUANTITY>0.000000</MAXIMUMPICKQUANTITY><MINIMUMCATCHWEIGHTQUANTITY>0.000000</MINIMUMCATCHWEIGHTQUANTITY><MUSTKEYINCOMMENTATPOSREGISTER>No</MUSTKEYINCOMMENTATPOSREGISTER><NECESSARYPRODUCTIONWORKINGTIMESCHEDULINGPROPERTYID></NECESSARYPRODUCTIONWORKINGTIMESCHEDULINGPROPERTYID><NETPRODUCTWEIGHT>0.000000000000</NETPRODUCTWEIGHT><NINTHPRODUCTFILTERCODE></NINTHPRODUCTFILTERCODE><ORIGINCOUNTRYREGIONID></ORIGINCOUNTRYREGIONID><ORIGINSTATEID></ORIGINSTATEID><PACKAGECLASSID></PACKAGECLASSID><PACKINGDUTYQUANTITY>0.000000000000</PACKINGDUTYQUANTITY><PACKINGMATERIALGROUPID></PACKINGMATERIALGROUPID><PACKSIZECATEGORYID></PACKSIZECATEGORYID><PHYSICALDIMENSIONGROUPID></PHYSICALDIMENSIONGROUPID><PLANNINGFORMULAITEMNUMBER></PLANNINGFORMULAITEMNUMBER><POSREGISTRATIONACTIVATIONDATE>1900-01-01T00:00:00</POSREGISTRATIONACTIVATIONDATE><POSREGISTRATIONBLOCKEDDATE>1900-01-01T00:00:00</POSREGISTRATIONBLOCKEDDATE><POSREGISTRATIONPLANNEDBLOCKEDDATE>1900-01-01T00:00:00</POSREGISTRATIONPLANNEDBLOCKEDDATE><POTENCYBASEATTIBUTETARGETVALUE>0.000000</POTENCYBASEATTIBUTETARGETVALUE><POTENCYBASEATTRIBUTEVALUEENTRYEVENT>PurchProdReceipt</POTENCYBASEATTRIBUTEVALUEENTRYEVENT><PRIMARYVENDORACCOUNTNUMBER></PRIMARYVENDORACCOUNTNUMBER><PRODUCTCOVERAGEGROUPID></PRODUCTCOVERAGEGROUPID><PRODUCTDIMENSIONGROUPNAME></PRODUCTDIMENSIONGROUPNAME><PRODUCTGROUPID>Audio</PRODUCTGROUPID><PRODUCTIONCONSUMPTIONDENSITYCONVERSIONFACTOR>0.000000</PRODUCTIONCONSUMPTIONDENSITYCONVERSIONFACTOR><PRODUCTIONCONSUMPTIONDEPTHCONVERSIONFACTOR>0.000000</PRODUCTIONCONSUMPTIONDEPTHCONVERSIONFACTOR><PRODUCTIONCONSUMPTIONHEIGHTCONVERSIONFACTOR>0.000000</PRODUCTIONCONSUMPTIONHEIGHTCONVERSIONFACTOR><PRODUCTIONCONSUMPTIONWIDTHCONVERSIONFACTOR>0.000000</PRODUCTIONCONSUMPTIONWIDTHCONVERSIONFACTOR><PRODUCTIONGROUPID></PRODUCTIONGROUPID><PRODUCTIONPOOLID></PRODUCTIONPOOLID><PRODUCTIONTYPE>BOM</PRODUCTIONTYPE><PRODUCTLIFECYCLESEASONCODE></PRODUCTLIFECYCLESEASONCODE><PRODUCTLIFECYCLESTATEID></PRODUCTLIFECYCLESTATEID><PRODUCTLIFECYCLEVALIDFROMDATE>1900-01-01T00:00:00</PRODUCTLIFECYCLEVALIDFROMDATE><PRODUCTLIFECYCLEVALIDTODATE>1900-01-01T00:00:00</PRODUCTLIFECYCLEVALIDTODATE><PRODUCTNUMBER>2023_SCM_DDMRP_02</PRODUCTNUMBER><PRODUCTSEARCHNAME>2023_SCM_DDMRP_02</PRODUCTSEARCHNAME><PRODUCTSUBTYPE>Product</PRODUCTSUBTYPE><PRODUCTTYPE>Item</PRODUCTTYPE><PRODUCTVOLUME>0.000000</PRODUCTVOLUME><PROJECTCATEGORYID></PROJECTCATEGORYID><PURCHASECHARGEPRODUCTGROUPID></PURCHASECHARGEPRODUCTGROUPID><PURCHASECHARGESQUANTITY>0.000000</PURCHASECHARGESQUANTITY><PURCHASEITEMWITHHOLDINGTAXGROUPCODE></PURCHASEITEMWITHHOLDINGTAXGROUPCODE><PURCHASELINEDISCOUNTPRODUCTGROUPCODE></PURCHASELINEDISCOUNTPRODUCTGROUPCODE><PURCHASEMULTILINEDISCOUNTPRODUCTGROUPCODE></PURCHASEMULTILINEDISCOUNTPRODUCTGROUPCODE><PURCHASEOVERDELIVERYPERCENTAGE>0.000000</PURCHASEOVERDELIVERYPERCENTAGE><PURCHASEPRICE>75.000000</PURCHASEPRICE><PURCHASEPRICEDATE>2023-04-13T00:00:00</PURCHASEPRICEDATE><PURCHASEPRICEQUANTITY>1.000000000000</PURCHASEPRICEQUANTITY><PURCHASEPRICETOLERANCEGROUPID></PURCHASEPRICETOLERANCEGROUPID><PURCHASEPRICINGPRECISION>0</PURCHASEPRICINGPRECISION><PURCHASEREBATEPRODUCTGROUPID></PURCHASEREBATEPRODUCTGROUPID><PURCHASESALESTAXITEMGROUPCODE></PURCHASESALESTAXITEMGROUPCODE><PURCHASESUPPLEMENTARYPRODUCTPRODUCTGROUPID></PURCHASESUPPLEMENTARYPRODUCTPRODUCTGROUPID><PURCHASEUNDERDELIVERYPERCENTAGE>0.000000</PURCHASEUNDERDELIVERYPERCENTAGE><PURCHASEUNITSYMBOL>ea</PURCHASEUNITSYMBOL><RAWMATERIALPICKINGPRINCIPLE>Staging</RAWMATERIALPICKINGPRINCIPLE><REVENUEABCCODE>None</REVENUEABCCODE><REVRECBUNDLE>No</REVRECBUNDLE><REVRECDEFAULTREVENUERECOGNITIONSCHEDULE></REVRECDEFAULTREVENUERECOGNITIONSCHEDULE><REVRECEXCLUDEFROMCARVEOUT>No</REVRECEXCLUDEFROMCARVEOUT><REVRECMEDIANPRICE>No</REVRECMEDIANPRICE><REVRECMEDIANPRICEMAXIMUMTOLERANCE>0.000000</REVRECMEDIANPRICEMAXIMUMTOLERANCE><REVRECMEDIANPRICEMINIMUMTOLERANCE>0.000000</REVRECMEDIANPRICEMINIMUMTOLERANCE><REVRECREVENUERECOGNITIONENABLED>No</REVRECREVENUERECOGNITIONENABLED><REVRECREVENUETYPE>Essential</REVRECREVENUETYPE><SALESCHARGEPRODUCTGROUPID></SALESCHARGEPRODUCTGROUPID><SALESCHARGESQUANTITY>0.000000</SALESCHARGESQUANTITY><SALESITEMWITHHOLDINGTAXGROUPCODE></SALESITEMWITHHOLDINGTAXGROUPCODE><SALESLINEDISCOUNTPRODUCTGROUPCODE></SALESLINEDISCOUNTPRODUCTGROUPCODE><SALESMULTILINEDISCOUNTPRODUCTGROUPCODE></SALESMULTILINEDISCOUNTPRODUCTGROUPCODE><SALESOVERDELIVERYPERCENTAGE>0.000000</SALESOVERDELIVERYPERCENTAGE><SALESPRICE>150.000000</SALESPRICE><SALESPRICECALCULATIONCHARGESPERCENTAGE>0.000000</SALESPRICECALCULATIONCHARGESPERCENTAGE><SALESPRICECALCULATIONCONTRIBUTIONRATIO>0.000000</SALESPRICECALCULATIONCONTRIBUTIONRATIO><SALESPRICECALCULATIONMODEL>None</SALESPRICECALCULATIONMODEL><SALESPRICEDATE>2023-04-13T00:00:00</SALESPRICEDATE><SALESPRICEQUANTITY>1.000000000000</SALESPRICEQUANTITY><SALESPRICINGPRECISION>0</SALESPRICINGPRECISION><SALESREBATEPRODUCTGROUPID></SALESREBATEPRODUCTGROUPID><SALESRETAILINVENTORYAVAILABILITYBUFFER>0.000000</SALESRETAILINVENTORYAVAILABILITYBUFFER><SALESRETAILINVENTORYAVAILABILITYLEVELPROFILE></SALESRETAILINVENTORYAVAILABILITYLEVELPROFILE><SALESSALESTAXITEMGROUPCODE></SALESSALESTAXITEMGROUPCODE><SALESSUPPLEMENTARYPRODUCTPRODUCTGROUPID></SALESSUPPLEMENTARYPRODUCTPRODUCTGROUPID><SALESUNDERDELIVERYPERCENTAGE>0.000000</SALESUNDERDELIVERYPERCENTAGE><SALESUNITSYMBOL>ea</SALESUNITSYMBOL><SCALEINDICATOR>Relevant</SCALEINDICATOR><SEARCHNAME>2023_SCM_DDMRP_02</SEARCHNAME><SECONDPRODUCTFILTERCODE></SECONDPRODUCTFILTERCODE><SECONDPRODUCTFILTERGROUPID></SECONDPRODUCTFILTERGROUPID><SERIALNUMBERGROUPCODE></SERIALNUMBERGROUPCODE><SERVICETYPE>NotSpecified</SERVICETYPE><SEVENTHPRODUCTFILTERCODE></SEVENTHPRODUCTFILTERCODE><SHELFADVICEPERIODDAYS>0</SHELFADVICEPERIODDAYS><SHELFLIFEPERIODDAYS>0</SHELFLIFEPERIODDAYS><SHIPPINGANDRECEIVINGSORTORDERCODE>0</SHIPPINGANDRECEIVINGSORTORDERCODE><SIXTHPRODUCTFILTERCODE></SIXTHPRODUCTFILTERCODE><STORAGEDIMENSIONGROUPNAME>InvStat</STORAGEDIMENSIONGROUPNAME><TAREPRODUCTWEIGHT>0.000000000000</TAREPRODUCTWEIGHT><TAXRATETYPE></TAXRATETYPE><TENTHPRODUCTFILTERCODE></TENTHPRODUCTFILTERCODE><THIRDPRODUCTFILTERCODE></THIRDPRODUCTFILTERCODE><TRACKINGDIMENSIONGROUPNAME>None</TRACKINGDIMENSIONGROUPNAME><TRANSFERORDERLANDEDCOSTGROUPID></TRANSFERORDERLANDEDCOSTGROUPID><TRANSFERORDEROVERDELIVERYPERCENTAGE>0.000000</TRANSFERORDEROVERDELIVERYPERCENTAGE><TRANSFERORDERUNDERDELIVERYPERCENTAGE>0.000000</TRANSFERORDERUNDERDELIVERYPERCENTAGE><UNITCONVERSIONSEQUENCEGROUPID>ea</UNITCONVERSIONSEQUENCEGROUPID><UNITCOST>0.000000</UNITCOST><UNITCOSTDATE>1900-01-01T00:00:00</UNITCOSTDATE><UNITCOSTQUANTITY>1.000000000000</UNITCOSTQUANTITY><UPDATEPRODUCTVARIANTLIFECYCLESTATE>No</UPDATEPRODUCTVARIANTLIFECYCLESTATE><UPPERWARRANTABLEPRICERANGELIMIT>0.000000</UPPERWARRANTABLEPRICERANGELIMIT><VALUEABCCODE>None</VALUEABCCODE><VARIABLESCRAPPERCENTAGE>0.000000</VARIABLESCRAPPERCENTAGE><VENDORINVOICELINEMATCHINGPOLICY>NotSet</VENDORINVOICELINEMATCHINGPOLICY><VOYAGEARRIVALGROUPID></VOYAGEARRIVALGROUPID><WAREHOUSEFILTERCODE></WAREHOUSEFILTERCODE><WAREHOUSEFILTERGROUP></WAREHOUSEFILTERGROUP><WAREHOUSEMOBILEDEVICEDESCRIPTIONLINE1></WAREHOUSEMOBILEDEVICEDESCRIPTIONLINE1><WAREHOUSEMOBILEDEVICEDESCRIPTIONLINE2></WAREHOUSEMOBILEDEVICEDESCRIPTIONLINE2><WAREHOUSERELEASESALESUNITRESTRICTED>All</WAREHOUSERELEASESALESUNITRESTRICTED><WARRANTABLEPRICERANGEBASETYPE>None</WARRANTABLEPRICERANGEBASETYPE><WARRANTYDURATIONTIME>0</WARRANTYDURATIONTIME><WARRANTYDURATIONTIMEUNIT>Day</WARRANTYDURATIONTIMEUNIT><WILLINVENTORYISSUEAUTOMATICALLYREPORTASFINISHED>No</WILLINVENTORYISSUEAUTOMATICALLYREPORTASFINISHED><WILLINVENTORYRECEIPTIGNOREFLUSHINGPRINCIPLE>No</WILLINVENTORYRECEIPTIGNOREFLUSHINGPRINCIPLE><WILLPICKINGWORKBENCHAPPLYBOXINGLOGIC>No</WILLPICKINGWORKBENCHAPPLYBOXINGLOGIC><WILLTOTALPURCHASEDISCOUNTCALCULATIONINCLUDEPRODUCT>Yes</WILLTOTALPURCHASEDISCOUNTCALCULATIONINCLUDEPRODUCT><WILLTOTALSALESDISCOUNTCALCULATIONINCLUDEPRODUCT>Yes</WILLTOTALSALESDISCOUNTCALCULATIONINCLUDEPRODUCT><WILLWORKCENTERPICKINGALLOWNEGATIVEINVENTORY>No</WILLWORKCENTERPICKINGALLOWNEGATIVEINVENTORY><YIELDPERCENTAGE>0.000000</YIELDPERCENTAGE></ECORESRELEASEDPRODUCTV2ENTITY></Document>