FirstName;LastName;Address
Gordon;Cortez;1730 Jabvif Manor
Lewis;Patterson;1811 Sovi Square
Lena;Hale;1702 Dovori Ridge
Bess;Snyder;83 Odha Center
Caleb;Cross;938 Dozlu Avenue
Leo;McCoy;1275 Hebu Mill
Edgar;Hale;1557 Lukrek Ridge
Ina;Daniel;502 Puwpo Road
Danny;Morrison;1839 Davza Loop
Charles;Lawrence;266 Siaj Heights
Lois;Nunez;1180 Caznil Parkway
Chase;Goodman;1751 Rijjoc Circle
Nancy;Davidson;775 Bipima Street
Aiden;Tran;228 Zedih Way
Raymond;Gardner;1464 Joova Circle
Alma;Flowers;1918 Ubihi Place
Cecilia;Chavez;1185 Izawel Grove
Scott;Perry;1683 Loli Center
Georgia;Campbell;320 Susid View
Carlos;Black;1641 Parge Junction
Lily;McDaniel;1167 Mucjeg Mill
Manuel;Todd;912 Dazlek Pike
Ray;Alexander;1838 Lego Heights
Bernard;Dawson;424 Ofuhe Court
Lucille;Page;666 Piran Glen
Owen;Horton;664 Povmob Square
Christian;Romero;1029 Tupcoh Extension
Sarah;Howell;1318 Masew Junction
Glenn;Gardner;101 Sodo Glen
Dominic;Vega;98 Onfa Pike
Martha;Jacobs;466 Tefib Avenue
Sallie;Gross;1848 Zajzoh Avenue
Bill;Buchanan;944 Ucafeg Mill
Jeremy;Briggs;824 Cabac Street
Luis;Fuller;1477 Ihrag Highway
Blanche;Lamb;461 Hevej Circle
Adeline;Boyd;1065 Elzi Plaza
Susie;Ryan;426 Jeep Turnpike
Frederick;Fuller;1913 Gonag Circle
Lucile;Snyder;170 Zuubo Parkway
Dale;Allen;1381 Nozaw Court
Florence;Phelps;428 Rezwap River
Matilda;Alvarado;459 Zoli Pass
Kate;Young;1050 Peza Court
Winnie;Stephens;1417 Divo Trail
Paul;Santiago;586 Wijno Path
Todd;Allen;766 Dohhu Key
Jeff;Romero;327 Woim Way
Joseph;Guerrero;1611 Gorfe River
Catherine;Stewart;1511 Wife Loop
Marion;Collier;1317 Puwpoj Mill
Lettie;Boone;1586 Zotfov Loop
Ernest;Day;253 Kaser Ridge
Scott;Rivera;1170 Dida Parkway
Birdie;Hernandez;1858 Odfot Grove
Albert;Gibson;1640 Usro Place
Eddie;Vasquez;1564 Fowtut Mill
Francis;White;692 Pazte Glen
Marcus;Alvarado;924 Hocsu Lane
Harry;Wilkerson;1098 Deco Terrace
Jeremy;Duncan;653 Jabgok Avenue
Jennie;Roberts;1836 Zutweh River
Lina;Hunt;1169 Vaoz Ridge
Allie;Olson;693 Lodtir Center
Austin;Burton;1468 Pasoh Pike
Mabel;Summers;1219 Avfu Manor
Joe;Swanson;1688 Fidas Avenue
Johanna;Aguilar;190 Asolo Center
Kenneth;Stevens;1666 Evca Center
Darrell;Tate;776 Jelet Highway
Antonio;Davidson;475 Sewce Lane
Gavin;Gray;168 Cetub Trail
Ricky;Chapman;499 Heko Heights
Fannie;Saunders;1124 Kubis Boulevard
Lucy;Morton;113 Cube Extension
Lester;Thompson;1928 Uwlag Center
Seth;Duncan;282 Ceip Place
Steven;Hubbard;1148 Behnij Park
Harold;Carson;116 Sahak Pass
Hunter;Warren;1220 Vonsa Grove
Anne;Joseph;902 Lucup Ridge
Sara;Alexander;1566 Ikata Parkway
Bernice;Simon;542 Wuvvi Boulevard
Herbert;Powers;1650 Pigo Street
Walter;Marshall;267 Avar Heights
Sue;Ford;1696 Liwho Park
Cody;Cross;1261 Lipzon Highway
Eugene;Obrien;1004 Wouti Avenue
Barbara;Gutierrez;1787 Fowru Lane
Ivan;Park;1957 Gerni Manor
Lola;Conner;1192 Tovcef Avenue
Max;Ross;570 Hudhe Avenue
Mildred;Rodriquez;1613 Ekagu Circle
Keith;Perez;257 Nacze Square
Clifford;Frank;964 Atpud Extension
Stella;Jefferson;1025 Sowep Court
Terry;Long;654 Rupni Drive
Jeremiah;Thomas;1848 Owvu Parkway
Teresa;Graham;1174 Jucot Highway
Jared;Reyes;1374 Wasisi Trail
