FirstName;LastName;Address
Don;Hardy;236 Odho River
Jeffery;Palmer;470 Zidu Lane
Hilda;Watkins;744 Ocze Center
Tom;Fields;1054 Zocvu Loop
Florence;Figueroa;1661 Vocvok Point
Troy;Cannon;1401 Wuhgoh Boulevard
Ida;Holland;1867 Inaalo Drive
Roxie;Powers;1544 Rikvas Turnpike
Cora;Lee;1046 Duvik Key
Clyde;Howard;1263 Zimu Circle
Louise;Padilla;1193 Addel Drive
Aiden;Lambert;435 Cakej Parkway
Edwin;Rhodes;176 Izuf River
Tom;Fletcher;1131 Silir Parkway
Brett;Chandler;978 Rilut Terrace
Vincent;Harper;449 Vowuc View
Johnny;Adams;1586 Okuilo Trail
Maud;Gutierrez;608 Debok Loop
Della;Delgado;1690 Sedco Place
Jeremy;Valdez;1559 Zulwa Center
Ralph;Bowers;73 Lemad Boulevard
Linnie;Bennett;1768 Mogve Avenue
Violet;Greene;879 Azunu View
Catherine;Watson;1874 Enoij Terrace
Eugenia;Barnett;1959 Wurem Highway
Maude;Alvarez;1617 Lane Plaza
Lillie;Tyler;692 Guhuh Extension
Don;Luna;1912 Isuki Boulevard
Olga;Porter;315 Avuce Boulevard
Mario;McCoy;563 Zuzad Avenue
Laura;Gilbert;1682 Renak Court
Martha;Burgess;1393 Oveehi Mill
Linnie;Oliver;66 Fiur Parkway
Christina;Parks;244 Caeto Boulevard
Rodney;Nunez;1199 Vuid Extension
Maud;Jenkins;1857 Zuftaj Loop
Genevieve;Carson;509 Wigses Junction
Chad;Ruiz;24 Nucos Avenue
Nathan;Williamson;1213 Gaca Center
Howard;Lawrence;1027 Pevvit Avenue
Landon;Matthews;655 Pitde Trail
Hattie;Knight;1627 Pagalu Circle
Leroy;Lucas;932 Fuuzo Junction
Rosie;Boone;1220 Akadew Ridge
Ida;Stewart;646 Geddun Mill
Lois;Carr;852 Wudpuv Path
Mary;Gonzales;307 Funuc Manor
Paul;Chambers;1922 Berru View
Phillip;Clark;1624 Cabjop Terrace
Georgia;Christensen;432 Cicno Extension
Curtis;Estrada;1342 Ervo Avenue
Susan;White;794 Rire Highway
Jose;Bowen;845 Vacku Square
Adam;Malone;960 Votnut Grove
Amelia;Curtis;1415 Sodu Road
Zachary;Barnett;195 Vorsa Pike
Carrie;Rowe;592 Keso Parkway
Justin;Morris;601 Porapu Ridge
Isabelle;Marshall;1806 Hepa Pass
Edgar;Tucker;288 Zuevo Boulevard
Jonathan;Wolfe;953 Kindim Grove
Lou;Schneider;1372 Pazvu Pass
Adam;Newman;218 Copoj Manor
Aaron;Barnes;1595 Ektiw Ridge
Isabelle;Greer;9 Sicup Ridge
Jeffrey;Brewer;1539 Colug View
Hilda;Vaughn;603 Huzuj Point
Nicholas;Brady;618 Orze Park
Winnie;Carter;1541 Gizanu Manor
Pauline;Brady;231 Uhzuh Ridge
Alta;Roy;1549 Kepe Drive
Martin;Woods;1153 Jushum Path
Barbara;Padilla;1726 Lofju Grove
Matilda;Yates;826 Pifli View
Clara;Frank;169 Ropzu Ridge
Norman;Miles;1767 Oguifa Heights
Elnora;Grant;1416 Deani Park
Isaiah;Harris;57 Mallaj Highway
Lulu;Adams;1147 Vevo View
Virgie;Taylor;521 Opit View
Mario;Hampton;196 Semes Key
Dollie;Carroll;440 Foka Drive
Belle;Myers;1620 Ipoes Key
Edwin;Knight;208 Bigho Highway
Beatrice;Fowler;434 Kisap View
Sally;Chandler;596 Bovoji Square
Gilbert;Carson;1592 Juvu Circle
Chase;Hardy;1995 Digu Path
Daisy;Gilbert;1604 Difa Grove
Iva;Burton;1963 Tanig Terrace
Leonard;Nguyen;1399 Loglo Manor
Eugene;Weaver;1251 Aligib Trail
Stephen;Gill;703 Jaze Court
Lily;Burton;1451 Sejze Path
Philip;Sanders;1094 Apogu River
Adam;Mack;1250 Hozom Highway
Leroy;West;200 Kosaw Parkway
Jorge;Valdez;331 Zegum Boulevard
Bertie;Jenkins;1576 Colbi River
Maude;Dean;1531 Vaoce Trail
