FirstName;LastName;Address
Virginia;McCarthy;745 Ferin Grove
Vincent;Gutierrez;996 Fefcu Center
Ivan;Collins;221 Cuavo Turnpike
Michael;Barber;870 Pife Center
Arthur;Horton;1480 Dutjak Plaza
Beulah;Nunez;391 Mopi Pike
Bradley;Singleton;1233 Ehhu Highway
Miguel;Weber;350 Houn Turnpike
Phillip;Pierce;1693 Fucu Junction
Clifford;Leonard;1806 Jegib Extension
Bernard;Mendez;1914 Sodvon Avenue
Kevin;Thompson;1244 Wafe Key
Lena;Simon;1002 Misil Way
Carl;Wagner;1993 Gekba Path
Sam;Moody;1291 Voha Point
Roxie;Lambert;860 Beswok Place
Lou;Williams;900 Jeli Extension
Bryan;Barnes;961 Laaz Key
Elizabeth;Cannon;245 Wozal Avenue
Myrtle;Rogers;516 Vahzud Square
Eleanor;Stanley;1891 Cadge Street
Randy;Terry;1481 Ocah Avenue
Madge;Reeves;196 Batwet Lane
Patrick;McBride;729 Wecjik Drive
Nathan;Farmer;144 Natoje Center
Chris;Rodgers;1866 Palta Mill
Celia;Adkins;1278 Vivho Court
Estelle;Vargas;1225 Kidud Court
Winnie;Shelton;782 Ojso Pike
Olive;Newman;800 Tigi Path
Dennis;Becker;451 Ekejev Boulevard
Miguel;Cobb;1830 Dawu Extension
Mary;Cooper;974 Makej River
Abbie;Hubbard;1145 Kagit Road
Scott;Chambers;307 Voktu River
Helena;Coleman;836 Tesil River
Elsie;Torres;598 Ughol Park
Kyle;Holland;884 Homtug Grove
James;Scott;652 Voznuc Grove
Mason;Bush;1508 Jagzic Heights
Hulda;Farmer;124 Veda Junction
Jesus;Harvey;1846 Uheobo Parkway
Nellie;Campbell;1625 Tijaf Circle
Daniel;Osborne;1795 Kabe Turnpike
Mike;Martinez;1728 Ruthaf Ridge
George;Boyd;1113 Modu Heights
Abbie;Baker;287 Decow Terrace
Johanna;Ford;331 Witon Glen
Dylan;McGuire;1937 Jiliba Circle
Marvin;Bowman;996 Cihzot Highway
Sophia;Fletcher;961 Cavus Way
Lucy;Green;1965 Nepe Path
Cecilia;Poole;1996 Tiib Ridge
Sophie;Murray;1486 Egohec Mill
Virginia;Rodriquez;966 Vuwcu Grove
Myrtie;Allen;1727 Amdo Boulevard
Ida;Greer;1351 Kezpu View
Ann;Hopkins;1364 Lihme Circle
Wesley;Hawkins;581 Cako Drive
Christopher;Hughes;44 Logapa Plaza
Marguerite;Clark;1009 Ecaig Highway
Steve;Sparks;674 Otsaz Ridge
Bettie;Perez;95 Wulol Glen
Aaron;Nash;1915 Zihweg Manor
Victoria;Mason;732 Guriz Glen
Lettie;Stewart;1197 Gedum Junction
Essie;Floyd;1391 Okvi Street
Elnora;Goodwin;1260 Hapa Street
Randall;Tate;1699 Zatvim Junction
Gordon;Drake;726 Ucni View
Samuel;Roy;25 Kisza Turnpike
Leah;Perry;1104 Lemnew Pass
Miguel;Nguyen;197 Jomaha Key
Olive;Sherman;111 Gazaz Mill
Eliza;Daniel;317 Lolde Trail
Benjamin;Underwood;1906 Nuiho Circle
Alvin;Clarke;1598 Busnen Mill
Harriet;Drake;778 Viba River
Cody;Terry;169 Uvdu Grove
Mable;Schultz;1572 Jipoz Mill
Maud;Higgins;1284 Nibma Highway
Mabelle;Johnson;1370 Hinzac Extension
Clara;Barnett;1395 Wehaw Extension
Mable;Silva;561 Ulate Highway
Ian;Becker;1104 Urera Manor
Jacob;Jacobs;1048 Baiz View
Madge;Mendez;184 Wupan Plaza
Marian;Lindsey;1726 Dores Parkway
Emilie;Powell;305 Reed Ridge
Lelia;McCormick;65 Nicjoz Turnpike
Elnora;Johnston;1958 Lamug Manor
Randy;Todd;1687 Pealu Glen
Carlos;Mathis;1758 Pozu Park
Adelaide;Walker;563 Kivut View
Theodore;Henderson;1123 Meket Circle
Daniel;Mullins;1226 Ohgo Parkway
Leonard;Padilla;532 Wevgut Pike
Glenn;Saunders;1509 Wemru Turnpike
Carolyn;Peters;1198 Wojeta Grove
Glen;Medina;1520 Vute Mill
